slice_file_name,class
03-01-01-01-01-01-01.wav,1
03-01-01-01-01-02-01.wav,1
03-01-01-01-02-01-01.wav,1
03-01-01-01-02-02-01.wav,1
03-01-02-01-01-01-01.wav,1
03-01-02-01-01-02-01.wav,1
03-01-02-01-02-01-01.wav,1
03-01-02-01-02-02-01.wav,1
03-01-02-02-01-01-01.wav,1
03-01-02-02-01-02-01.wav,1
03-01-02-02-02-01-01.wav,1
03-01-02-02-02-02-01.wav,1
03-01-03-01-01-01-01.wav,4
03-01-03-01-01-02-01.wav,4
03-01-03-01-02-01-01.wav,4
03-01-03-01-02-02-01.wav,4
03-01-03-02-01-01-01.wav,4
03-01-03-02-01-02-01.wav,4
03-01-03-02-02-01-01.wav,4
03-01-03-02-02-02-01.wav,4
03-01-04-01-01-01-01.wav,3
03-01-04-01-01-02-01.wav,3
03-01-04-01-02-01-01.wav,3
03-01-04-01-02-02-01.wav,3
03-01-04-02-01-01-01.wav,3
03-01-04-02-01-02-01.wav,3
03-01-04-02-02-01-01.wav,3
03-01-04-02-02-02-01.wav,3
03-01-05-01-01-01-01.wav,6
03-01-05-01-01-02-01.wav,6
03-01-05-01-02-01-01.wav,6
03-01-05-01-02-02-01.wav,6
03-01-05-02-01-01-01.wav,6
03-01-05-02-01-02-01.wav,6
03-01-05-02-02-01-01.wav,6
03-01-05-02-02-02-01.wav,6
03-01-06-01-01-01-01.wav,5
03-01-06-01-01-02-01.wav,5
03-01-06-01-02-01-01.wav,5
03-01-06-01-02-02-01.wav,5
03-01-06-02-01-01-01.wav,5
03-01-06-02-01-02-01.wav,5
03-01-06-02-02-01-01.wav,5
03-01-06-02-02-02-01.wav,5
03-01-07-01-01-01-01.wav,5
03-01-07-01-01-02-01.wav,5
03-01-07-01-02-01-01.wav,5
03-01-07-01-02-02-01.wav,5
03-01-07-02-01-01-01.wav,5
03-01-07-02-01-02-01.wav,5
03-01-07-02-02-01-01.wav,5
03-01-07-02-02-02-01.wav,5
03-01-08-01-01-01-01.wav,2
03-01-08-01-01-02-01.wav,2
03-01-08-01-02-01-01.wav,2
03-01-08-01-02-02-01.wav,2
03-01-08-02-01-01-01.wav,2
03-01-08-02-01-02-01.wav,2
03-01-08-02-02-01-01.wav,2
03-01-08-02-02-02-01.wav,2
03-01-01-01-01-01-02.wav,2
03-01-01-01-01-02-02.wav,2
03-01-01-01-02-01-02.wav,2
03-01-01-01-02-02-02.wav,2
03-01-02-01-01-01-02.wav,1
03-01-02-01-01-02-02.wav,1
03-01-02-01-02-01-02.wav,1
03-01-02-01-02-02-02.wav,1
03-01-02-02-01-01-02.wav,1
03-01-02-02-01-02-02.wav,1
03-01-02-02-02-01-02.wav,1
03-01-02-02-02-02-02.wav,1
03-01-03-01-01-01-02.wav,2
03-01-03-01-01-02-02.wav,2
03-01-03-01-02-01-02.wav,2
03-01-03-01-02-02-02.wav,2
03-01-03-02-01-01-02.wav,2
03-01-03-02-01-02-02.wav,2
03-01-03-02-02-01-02.wav,2
03-01-03-02-02-02-02.wav,2
03-01-04-01-01-01-02.wav,3
03-01-04-01-01-02-02.wav,3
03-01-04-01-02-01-02.wav,3
03-01-04-01-02-02-02.wav,3
03-01-04-02-01-01-02.wav,3
03-01-04-02-01-02-02.wav,3
03-01-04-02-02-01-02.wav,3
03-01-04-02-02-02-02.wav,3
03-01-05-01-01-01-02.wav,6
03-01-05-01-01-02-02.wav,6
03-01-05-01-02-01-02.wav,6
03-01-05-01-02-02-02.wav,6
03-01-05-02-01-01-02.wav,6
03-01-05-02-01-02-02.wav,6
03-01-05-02-02-01-02.wav,6
03-01-05-02-02-02-02.wav,6
03-01-06-01-01-01-02.wav,4
03-01-06-01-01-02-02.wav,4
03-01-06-01-02-01-02.wav,4
03-01-06-01-02-02-02.wav,4
03-01-06-02-01-01-02.wav,4
03-01-06-02-01-02-02.wav,4
03-01-06-02-02-01-02.wav,4
03-01-06-02-02-02-02.wav,4
03-01-07-01-01-01-02.wav,3
03-01-07-01-01-02-02.wav,3
03-01-07-01-02-01-02.wav,3
03-01-07-01-02-02-02.wav,3
03-01-07-02-01-01-02.wav,3
03-01-07-02-01-02-02.wav,3
03-01-07-02-02-01-02.wav,3
03-01-07-02-02-02-02.wav,3
03-01-08-01-01-01-02.wav,5
03-01-08-01-01-02-02.wav,5
03-01-08-01-02-01-02.wav,5
03-01-08-01-02-02-02.wav,5
03-01-08-02-01-01-02.wav,5
03-01-08-02-01-02-02.wav,5
03-01-08-02-02-01-02.wav,5
03-01-08-02-02-02-02.wav,5
03-01-01-01-01-01-03.wav,1
03-01-01-01-01-02-03.wav,1
03-01-01-01-02-01-03.wav,1
03-01-01-01-02-02-03.wav,1
03-01-02-01-01-01-03.wav,1
03-01-02-01-01-02-03.wav,1
03-01-02-01-02-01-03.wav,1
03-01-02-01-02-02-03.wav,1
03-01-02-02-01-01-03.wav,1
03-01-02-02-01-02-03.wav,1
03-01-02-02-02-01-03.wav,1
03-01-02-02-02-02-03.wav,1
03-01-03-01-01-01-03.wav,1
03-01-03-01-01-02-03.wav,1
03-01-03-01-02-01-03.wav,1
03-01-03-01-02-02-03.wav,1
03-01-03-02-01-01-03.wav,4
03-01-03-02-01-02-03.wav,4
03-01-03-02-02-01-03.wav,4
03-01-03-02-02-02-03.wav,4
03-01-04-01-01-01-03.wav,1
03-01-04-01-01-02-03.wav,1
03-01-04-01-02-01-03.wav,1
03-01-04-01-02-02-03.wav,1
03-01-04-02-01-01-03.wav,3
03-01-04-02-01-02-03.wav,3
03-01-04-02-02-01-03.wav,3
03-01-04-02-02-02-03.wav,3
03-01-05-01-01-01-03.wav,6
03-01-05-01-01-02-03.wav,6
03-01-05-01-02-01-03.wav,6
03-01-05-01-02-02-03.wav,6
03-01-05-02-01-01-03.wav,6
03-01-05-02-01-02-03.wav,6
03-01-05-02-02-01-03.wav,6
03-01-05-02-02-02-03.wav,6
03-01-06-01-01-01-03.wav,4
03-01-06-01-01-02-03.wav,4
03-01-06-01-02-01-03.wav,4
03-01-06-01-02-02-03.wav,4
03-01-06-02-01-01-03.wav,4
03-01-06-02-01-02-03.wav,4
03-01-06-02-02-01-03.wav,4
03-01-06-02-02-02-03.wav,4
03-01-07-01-01-01-03.wav,6
03-01-07-01-01-02-03.wav,6
03-01-07-01-02-01-03.wav,6
03-01-07-01-02-02-03.wav,6
03-01-07-02-01-01-03.wav,6
03-01-07-02-01-02-03.wav,6
03-01-07-02-02-01-03.wav,6
03-01-07-02-02-02-03.wav,6
03-01-08-01-01-01-03.wav,5
03-01-08-01-01-02-03.wav,5
03-01-08-01-02-01-03.wav,5
03-01-08-01-02-02-03.wav,5
03-01-08-02-01-01-03.wav,5
03-01-08-02-01-02-03.wav,5
03-01-08-02-02-01-03.wav,5
03-01-08-02-02-02-03.wav,5
03-01-01-01-01-01-04.wav,1
03-01-01-01-01-02-04.wav,1
03-01-01-01-02-01-04.wav,1
03-01-01-01-02-02-04.wav,1
03-01-02-01-01-01-04.wav,2
03-01-02-01-01-02-04.wav,2
03-01-02-01-02-01-04.wav,2
03-01-02-01-02-02-04.wav,2
03-01-02-02-01-01-04.wav,2
03-01-02-02-01-02-04.wav,2
03-01-02-02-02-01-04.wav,2
03-01-02-02-02-02-04.wav,2
03-01-03-01-01-01-04.wav,1
03-01-03-01-01-02-04.wav,1
03-01-03-01-02-01-04.wav,1
03-01-03-01-02-02-04.wav,1
03-01-03-02-01-01-04.wav,1
03-01-03-02-01-02-04.wav,1
03-01-03-02-02-01-04.wav,1
03-01-03-02-02-02-04.wav,1
03-01-04-01-01-01-04.wav,5
03-01-04-01-01-02-04.wav,5
03-01-04-01-02-01-04.wav,5
03-01-04-01-02-02-04.wav,5
03-01-04-02-01-01-04.wav,5
03-01-04-02-01-02-04.wav,5
03-01-04-02-02-01-04.wav,5
03-01-04-02-02-02-04.wav,5
03-01-05-01-01-01-04.wav,6
03-01-05-01-01-02-04.wav,6
03-01-05-01-02-01-04.wav,6
03-01-05-01-02-02-04.wav,6
03-01-05-02-01-01-04.wav,6
03-01-05-02-01-02-04.wav,6
03-01-05-02-02-01-04.wav,6
03-01-05-02-02-02-04.wav,6
03-01-06-01-01-01-04.wav,5
03-01-06-01-01-02-04.wav,5
03-01-06-01-02-01-04.wav,5
03-01-06-01-02-02-04.wav,5
03-01-06-02-01-01-04.wav,5
03-01-06-02-01-02-04.wav,5
03-01-06-02-02-01-04.wav,5
03-01-06-02-02-02-04.wav,5
03-01-07-01-01-01-04.wav,6
03-01-07-01-01-02-04.wav,6
03-01-07-01-02-01-04.wav,6
03-01-07-01-02-02-04.wav,6
03-01-07-02-01-01-04.wav,6
03-01-07-02-01-02-04.wav,6
03-01-07-02-02-01-04.wav,6
03-01-07-02-02-02-04.wav,6
03-01-08-01-01-01-04.wav,6
03-01-08-01-01-02-04.wav,6
03-01-08-01-02-01-04.wav,6
03-01-08-01-02-02-04.wav,6
03-01-08-02-01-01-04.wav,6
03-01-08-02-01-02-04.wav,6
03-01-08-02-02-01-04.wav,6
03-01-08-02-02-02-04.wav,6
03-01-01-01-01-01-05.wav,1
03-01-01-01-01-02-05.wav,1
03-01-01-01-02-01-05.wav,1
03-01-01-01-02-02-05.wav,1
03-01-02-01-01-01-05.wav,3
03-01-02-01-01-02-05.wav,3
03-01-02-01-02-01-05.wav,3
03-01-02-01-02-02-05.wav,3
03-01-02-02-01-01-05.wav,3
03-01-02-02-01-02-05.wav,3
03-01-02-02-02-01-05.wav,3
03-01-02-02-02-02-05.wav,3
03-01-03-01-01-01-05.wav,4
03-01-03-01-01-02-05.wav,4
03-01-03-01-02-01-05.wav,4
03-01-03-01-02-02-05.wav,4
03-01-03-02-01-01-05.wav,4
03-01-03-02-01-02-05.wav,4
03-01-03-02-02-01-05.wav,4
03-01-03-02-02-02-05.wav,4
03-01-04-01-01-01-05.wav,3
03-01-04-01-01-02-05.wav,3
03-01-04-01-02-01-05.wav,3
03-01-04-01-02-02-05.wav,3
03-01-04-02-01-01-05.wav,3
03-01-04-02-01-02-05.wav,3
03-01-04-02-02-01-05.wav,3
03-01-04-02-02-02-05.wav,3
03-01-05-01-01-01-05.wav,6
03-01-05-01-01-02-05.wav,6
03-01-05-01-02-01-05.wav,6
03-01-05-01-02-02-05.wav,6
03-01-05-02-01-01-05.wav,6
03-01-05-02-01-02-05.wav,6
03-01-05-02-02-01-05.wav,6
03-01-05-02-02-02-05.wav,6
03-01-06-01-01-01-05.wav,5
03-01-06-01-01-02-05.wav,5
03-01-06-01-02-01-05.wav,5
03-01-06-01-02-02-05.wav,5
03-01-06-02-01-01-05.wav,5
03-01-06-02-01-02-05.wav,5
03-01-06-02-02-01-05.wav,5
03-01-06-02-02-02-05.wav,5
03-01-07-01-01-01-05.wav,1
03-01-07-01-01-02-05.wav,1
03-01-07-01-02-01-05.wav,1
03-01-07-01-02-02-05.wav,1
03-01-07-02-01-01-05.wav,1
03-01-07-02-01-02-05.wav,1
03-01-07-02-02-01-05.wav,1
03-01-07-02-02-02-05.wav,1
03-01-08-01-01-01-05.wav,1
03-01-08-01-01-02-05.wav,1
03-01-08-01-02-01-05.wav,1
03-01-08-01-02-02-05.wav,1
03-01-08-02-01-01-05.wav,1
03-01-08-02-01-02-05.wav,1
03-01-08-02-02-01-05.wav,1
03-01-08-02-02-02-05.wav,1
03-01-01-01-01-01-06.wav,1
03-01-01-01-01-02-06.wav,1
03-01-01-01-02-01-06.wav,1
03-01-01-01-02-02-06.wav,1
03-01-02-01-01-01-06.wav,1
03-01-02-01-01-02-06.wav,1
03-01-02-01-02-01-06.wav,1
03-01-02-01-02-02-06.wav,1
03-01-02-02-01-01-06.wav,1
03-01-02-02-01-02-06.wav,1
03-01-02-02-02-01-06.wav,1
03-01-02-02-02-02-06.wav,1
03-01-03-01-01-01-06.wav,5
03-01-03-01-01-02-06.wav,5
03-01-03-01-02-01-06.wav,5
03-01-03-01-02-02-06.wav,5
03-01-03-02-01-01-06.wav,5
03-01-03-02-01-02-06.wav,5
03-01-03-02-02-01-06.wav,5
03-01-03-02-02-02-06.wav,5
03-01-04-01-01-01-06.wav,4
03-01-04-01-01-02-06.wav,4
03-01-04-01-02-01-06.wav,4
03-01-04-01-02-02-06.wav,4
03-01-04-02-01-01-06.wav,4
03-01-04-02-01-02-06.wav,4
03-01-04-02-02-01-06.wav,4
03-01-04-02-02-02-06.wav,4
03-01-05-01-01-01-06.wav,1
03-01-05-01-01-02-06.wav,1
03-01-05-01-02-01-06.wav,1
03-01-05-01-02-02-06.wav,1
03-01-05-02-01-01-06.wav,6
03-01-05-02-01-02-06.wav,6
03-01-05-02-02-01-06.wav,6
03-01-05-02-02-02-06.wav,6
03-01-06-01-01-01-06.wav,4
03-01-06-01-01-02-06.wav,4
03-01-06-01-02-01-06.wav,4
03-01-06-01-02-02-06.wav,4
03-01-06-02-01-01-06.wav,5
03-01-06-02-01-02-06.wav,5
03-01-06-02-02-01-06.wav,5
03-01-06-02-02-02-06.wav,5
03-01-07-01-01-01-06.wav,4
03-01-07-01-01-02-06.wav,4
03-01-07-01-02-01-06.wav,4
03-01-07-01-02-02-06.wav,4
03-01-07-02-01-01-06.wav,4
03-01-07-02-01-02-06.wav,4
03-01-07-02-02-01-06.wav,4
03-01-07-02-02-02-06.wav,4
03-01-08-01-01-01-06.wav,5
03-01-08-01-01-02-06.wav,5
03-01-08-01-02-01-06.wav,5
03-01-08-01-02-02-06.wav,5
03-01-08-02-01-01-06.wav,5
03-01-08-02-01-02-06.wav,5
03-01-08-02-02-01-06.wav,5
03-01-08-02-02-02-06.wav,5
03-01-01-01-01-01-07.wav,1
03-01-01-01-01-02-07.wav,1
03-01-01-01-02-01-07.wav,1
03-01-01-01-02-02-07.wav,1
03-01-02-01-01-01-07.wav,1
03-01-02-01-01-02-07.wav,1
03-01-02-01-02-01-07.wav,1
03-01-02-01-02-02-07.wav,1
03-01-02-02-01-01-07.wav,1
03-01-02-02-01-02-07.wav,1
03-01-02-02-02-01-07.wav,1
03-01-02-02-02-02-07.wav,1
03-01-03-01-01-01-07.wav,3
03-01-03-01-01-02-07.wav,3
03-01-03-01-02-01-07.wav,3
03-01-03-01-02-02-07.wav,3
03-01-03-02-01-01-07.wav,3
03-01-03-02-01-02-07.wav,3
03-01-03-02-02-01-07.wav,3
03-01-03-02-02-02-07.wav,3
03-01-04-01-01-01-07.wav,1
03-01-04-01-01-02-07.wav,1
03-01-04-01-02-01-07.wav,1
03-01-04-01-02-02-07.wav,1
03-01-04-02-01-01-07.wav,3
03-01-04-02-01-02-07.wav,3
03-01-04-02-02-01-07.wav,3
03-01-04-02-02-02-07.wav,3
03-01-05-01-01-01-07.wav,6
03-01-05-01-01-02-07.wav,6
03-01-05-01-02-01-07.wav,6
03-01-05-01-02-02-07.wav,6
03-01-05-02-01-01-07.wav,6
03-01-05-02-01-02-07.wav,6
03-01-05-02-02-01-07.wav,6
03-01-05-02-02-02-07.wav,6
03-01-06-01-01-01-07.wav,1
03-01-06-01-01-02-07.wav,1
03-01-06-01-02-01-07.wav,1
03-01-06-01-02-02-07.wav,1
03-01-06-02-01-01-07.wav,4
03-01-06-02-01-02-07.wav,4
03-01-06-02-02-01-07.wav,4
03-01-06-02-02-02-07.wav,4
03-01-07-01-01-01-07.wav,1
03-01-07-01-01-02-07.wav,1
03-01-07-01-02-01-07.wav,1
03-01-07-01-02-02-07.wav,1
03-01-07-02-01-01-07.wav,1
03-01-07-02-01-02-07.wav,1
03-01-07-02-02-01-07.wav,1
03-01-07-02-02-02-07.wav,1
03-01-08-01-01-01-07.wav,1
03-01-08-01-01-02-07.wav,1
03-01-08-01-02-01-07.wav,1
03-01-08-01-02-02-07.wav,1
03-01-08-02-01-01-07.wav,1
03-01-08-02-01-02-07.wav,1
03-01-08-02-02-01-07.wav,1
03-01-08-02-02-02-07.wav,1
03-01-01-01-01-01-08.wav,1
03-01-01-01-01-02-08.wav,1
03-01-01-01-02-01-08.wav,1
03-01-01-01-02-02-08.wav,1
03-01-02-01-01-01-08.wav,1
03-01-02-01-01-02-08.wav,1
03-01-02-01-02-01-08.wav,1
03-01-02-01-02-02-08.wav,1
03-01-02-02-01-01-08.wav,1
03-01-02-02-01-02-08.wav,1
03-01-02-02-02-01-08.wav,1
03-01-02-02-02-02-08.wav,1
03-01-03-01-01-01-08.wav,2
03-01-03-01-01-02-08.wav,2
03-01-03-01-02-01-08.wav,2
03-01-03-01-02-02-08.wav,2
03-01-03-02-01-01-08.wav,2
03-01-03-02-01-02-08.wav,2
03-01-03-02-02-01-08.wav,2
03-01-03-02-02-02-08.wav,2
03-01-04-01-01-01-08.wav,1
03-01-04-01-01-02-08.wav,1
03-01-04-01-02-01-08.wav,1
03-01-04-01-02-02-08.wav,1
03-01-04-02-01-01-08.wav,3
03-01-04-02-01-02-08.wav,3
03-01-04-02-02-01-08.wav,3
03-01-04-02-02-02-08.wav,3
03-01-05-01-01-01-08.wav,5
03-01-05-01-01-02-08.wav,5
03-01-05-01-02-01-08.wav,5
03-01-05-01-02-02-08.wav,5
03-01-05-02-01-01-08.wav,5
03-01-05-02-01-02-08.wav,5
03-01-05-02-02-01-08.wav,5
03-01-05-02-02-02-08.wav,5
03-01-06-01-01-01-08.wav,4
03-01-06-01-01-02-08.wav,4
03-01-06-01-02-01-08.wav,4
03-01-06-01-02-02-08.wav,4
03-01-06-02-01-01-08.wav,4
03-01-06-02-01-02-08.wav,4
03-01-06-02-02-01-08.wav,4
03-01-06-02-02-02-08.wav,4
03-01-07-01-01-01-08.wav,1
03-01-07-01-01-02-08.wav,1
03-01-07-01-02-01-08.wav,1
03-01-07-01-02-02-08.wav,1
03-01-07-02-01-01-08.wav,1
03-01-07-02-01-02-08.wav,1
03-01-07-02-02-01-08.wav,1
03-01-07-02-02-02-08.wav,1
03-01-08-01-01-01-08.wav,1
03-01-08-01-01-02-08.wav,1
03-01-08-01-02-01-08.wav,1
03-01-08-01-02-02-08.wav,1
03-01-08-02-01-01-08.wav,1
03-01-08-02-01-02-08.wav,1
03-01-08-02-02-01-08.wav,1
03-01-08-02-02-02-08.wav,1
03-01-01-01-01-01-09.wav,1
03-01-01-01-01-02-09.wav,1
03-01-01-01-02-01-09.wav,1
03-01-01-01-02-02-09.wav,1
03-01-02-01-01-01-09.wav,1
03-01-02-01-01-02-09.wav,1
03-01-02-01-02-01-09.wav,1
03-01-02-01-02-02-09.wav,1
03-01-02-02-01-01-09.wav,1
03-01-02-02-01-02-09.wav,1
03-01-02-02-02-01-09.wav,1
03-01-02-02-02-02-09.wav,1
03-01-03-01-01-01-09.wav,5
03-01-03-01-01-02-09.wav,5
03-01-03-01-02-01-09.wav,5
03-01-03-01-02-02-09.wav,5
03-01-03-02-01-01-09.wav,5
03-01-03-02-01-02-09.wav,5
03-01-03-02-02-01-09.wav,5
03-01-03-02-02-02-09.wav,5
03-01-04-01-01-01-09.wav,3
03-01-04-01-01-02-09.wav,3
03-01-04-01-02-01-09.wav,3
03-01-04-01-02-02-09.wav,3
03-01-04-02-01-01-09.wav,3
03-01-04-02-01-02-09.wav,3
03-01-04-02-02-01-09.wav,3
03-01-04-02-02-02-09.wav,3
03-01-05-01-01-01-09.wav,1
03-01-05-01-01-02-09.wav,1
03-01-05-01-02-01-09.wav,1
03-01-05-01-02-02-09.wav,1
03-01-05-02-01-01-09.wav,6
03-01-05-02-01-02-09.wav,6
03-01-05-02-02-01-09.wav,6
03-01-05-02-02-02-09.wav,6
03-01-06-01-01-01-09.wav,2
03-01-06-01-01-02-09.wav,2
03-01-06-01-02-01-09.wav,2
03-01-06-01-02-02-09.wav,2
03-01-06-02-01-01-09.wav,4
03-01-06-02-01-02-09.wav,4
03-01-06-02-02-01-09.wav,4
03-01-06-02-02-02-09.wav,4
03-01-07-01-01-01-09.wav,1
03-01-07-01-01-02-09.wav,1
03-01-07-01-02-01-09.wav,1
03-01-07-01-02-02-09.wav,1
03-01-07-02-01-01-09.wav,1
03-01-07-02-01-02-09.wav,1
03-01-07-02-02-01-09.wav,1
03-01-07-02-02-02-09.wav,1
03-01-08-01-01-01-09.wav,1
03-01-08-01-01-02-09.wav,1
03-01-08-01-02-01-09.wav,1
03-01-08-01-02-02-09.wav,1
03-01-08-02-01-01-09.wav,1
03-01-08-02-01-02-09.wav,1
03-01-08-02-02-01-09.wav,1
03-01-08-02-02-02-09.wav,1
03-01-01-01-01-01-10.wav,1
03-01-01-01-01-02-10.wav,1
03-01-01-01-02-01-10.wav,1
03-01-01-01-02-02-10.wav,1
03-01-02-01-01-01-10.wav,1
03-01-02-01-01-02-10.wav,1
03-01-02-01-02-01-10.wav,1
03-01-02-01-02-02-10.wav,1
03-01-02-02-01-01-10.wav,1
03-01-02-02-01-02-10.wav,1
03-01-02-02-02-01-10.wav,1
03-01-02-02-02-02-10.wav,1
03-01-03-01-01-01-10.wav,1
03-01-03-01-01-02-10.wav,1
03-01-03-01-02-01-10.wav,1
03-01-03-01-02-02-10.wav,1
03-01-03-02-01-01-10.wav,4
03-01-03-02-01-02-10.wav,4
03-01-03-02-02-01-10.wav,4
03-01-03-02-02-02-10.wav,4
03-01-04-01-01-01-10.wav,1
03-01-04-01-01-02-10.wav,1
03-01-04-01-02-01-10.wav,1
03-01-04-01-02-02-10.wav,1
03-01-04-02-01-01-10.wav,1
03-01-04-02-01-02-10.wav,1
03-01-04-02-02-01-10.wav,1
03-01-04-02-02-02-10.wav,1
03-01-05-01-01-01-10.wav,6
03-01-05-01-01-02-10.wav,6
03-01-05-01-02-01-10.wav,6
03-01-05-01-02-02-10.wav,6
03-01-05-02-01-01-10.wav,6
03-01-05-02-01-02-10.wav,6
03-01-05-02-02-01-10.wav,6
03-01-05-02-02-02-10.wav,6
03-01-06-01-01-01-10.wav,4
03-01-06-01-01-02-10.wav,4
03-01-06-01-02-01-10.wav,4
03-01-06-01-02-02-10.wav,4
03-01-06-02-01-01-10.wav,4
03-01-06-02-01-02-10.wav,4
03-01-06-02-02-01-10.wav,4
03-01-06-02-02-02-10.wav,4
03-01-07-01-01-01-10.wav,4
03-01-07-01-01-02-10.wav,4
03-01-07-01-02-01-10.wav,4
03-01-07-01-02-02-10.wav,4
03-01-07-02-01-01-10.wav,4
03-01-07-02-01-02-10.wav,4
03-01-07-02-02-01-10.wav,4
03-01-07-02-02-02-10.wav,4
03-01-08-01-01-01-10.wav,5
03-01-08-01-01-02-10.wav,5
03-01-08-01-02-01-10.wav,5
03-01-08-01-02-02-10.wav,5
03-01-08-02-01-01-10.wav,5
03-01-08-02-01-02-10.wav,5
03-01-08-02-02-01-10.wav,5
03-01-08-02-02-02-10.wav,5
03-01-01-01-01-01-11.wav,1
03-01-01-01-01-02-11.wav,1
03-01-01-01-02-01-11.wav,1
03-01-01-01-02-02-11.wav,1
03-01-02-01-01-01-11.wav,1
03-01-02-01-01-02-11.wav,1
03-01-02-01-02-01-11.wav,1
03-01-02-01-02-02-11.wav,1
03-01-02-02-01-01-11.wav,1
03-01-02-02-01-02-11.wav,1
03-01-02-02-02-01-11.wav,1
03-01-02-02-02-02-11.wav,1
03-01-03-01-01-01-11.wav,1
03-01-03-01-01-02-11.wav,1
03-01-03-01-02-01-11.wav,1
03-01-03-01-02-02-11.wav,1
03-01-03-02-01-01-11.wav,4
03-01-03-02-01-02-11.wav,4
03-01-03-02-02-01-11.wav,4
03-01-03-02-02-02-11.wav,4
03-01-04-01-01-01-11.wav,3
03-01-04-01-01-02-11.wav,3
03-01-04-01-02-01-11.wav,3
03-01-04-01-02-02-11.wav,3
03-01-04-02-01-01-11.wav,3
03-01-04-02-01-02-11.wav,3
03-01-04-02-02-01-11.wav,3
03-01-04-02-02-02-11.wav,3
03-01-05-01-01-01-11.wav,1
03-01-05-01-01-02-11.wav,1
03-01-05-01-02-01-11.wav,1
03-01-05-01-02-02-11.wav,1
03-01-05-02-01-01-11.wav,5
03-01-05-02-01-02-11.wav,5
03-01-05-02-02-01-11.wav,5
03-01-05-02-02-02-11.wav,5
03-01-06-01-01-01-11.wav,1
03-01-06-01-01-02-11.wav,1
03-01-06-01-02-01-11.wav,1
03-01-06-01-02-02-11.wav,1
03-01-06-02-01-01-11.wav,5
03-01-06-02-01-02-11.wav,5
03-01-06-02-02-01-11.wav,5
03-01-06-02-02-02-11.wav,5
03-01-07-01-01-01-11.wav,1
03-01-07-01-01-02-11.wav,1
03-01-07-01-02-01-11.wav,1
03-01-07-01-02-02-11.wav,1
03-01-07-02-01-01-11.wav,1
03-01-07-02-01-02-11.wav,1
03-01-07-02-02-01-11.wav,1
03-01-07-02-02-02-11.wav,1
03-01-08-01-01-01-11.wav,5
03-01-08-01-01-02-11.wav,5
03-01-08-01-02-01-11.wav,5
03-01-08-01-02-02-11.wav,5
03-01-08-02-01-01-11.wav,5
03-01-08-02-01-02-11.wav,5
03-01-08-02-02-01-11.wav,5
03-01-08-02-02-02-11.wav,5
03-01-01-01-01-01-12.wav,1
03-01-01-01-01-02-12.wav,1
03-01-01-01-02-01-12.wav,1
03-01-01-01-02-02-12.wav,1
03-01-02-01-01-01-12.wav,1
03-01-02-01-01-02-12.wav,1
03-01-02-01-02-01-12.wav,1
03-01-02-01-02-02-12.wav,1
03-01-02-02-01-01-12.wav,1
03-01-02-02-01-02-12.wav,1
03-01-02-02-02-01-12.wav,1
03-01-02-02-02-02-12.wav,1
03-01-03-01-01-01-12.wav,2
03-01-03-01-01-02-12.wav,2
03-01-03-01-02-01-12.wav,2
03-01-03-01-02-02-12.wav,2
03-01-03-02-01-01-12.wav,2
03-01-03-02-01-02-12.wav,2
03-01-03-02-02-01-12.wav,2
03-01-03-02-02-02-12.wav,2
03-01-04-01-01-01-12.wav,5
03-01-04-01-01-02-12.wav,5
03-01-04-01-02-01-12.wav,5
03-01-04-01-02-02-12.wav,5
03-01-04-02-01-01-12.wav,5
03-01-04-02-01-02-12.wav,5
03-01-04-02-02-01-12.wav,5
03-01-04-02-02-02-12.wav,5
03-01-05-01-01-01-12.wav,1
03-01-05-01-01-02-12.wav,1
03-01-05-01-02-01-12.wav,1
03-01-05-01-02-02-12.wav,1
03-01-05-02-01-01-12.wav,6
03-01-05-02-01-02-12.wav,6
03-01-05-02-02-01-12.wav,6
03-01-05-02-02-02-12.wav,6
03-01-06-01-01-01-12.wav,5
03-01-06-01-01-02-12.wav,5
03-01-06-01-02-01-12.wav,5
03-01-06-01-02-02-12.wav,5
03-01-06-02-01-01-12.wav,5
03-01-06-02-01-02-12.wav,5
03-01-06-02-02-01-12.wav,5
03-01-06-02-02-02-12.wav,5
03-01-07-01-01-01-12.wav,1
03-01-07-01-01-02-12.wav,1
03-01-07-01-02-01-12.wav,1
03-01-07-01-02-02-12.wav,1
03-01-07-02-01-01-12.wav,1
03-01-07-02-01-02-12.wav,1
03-01-07-02-02-01-12.wav,1
03-01-07-02-02-02-12.wav,1
03-01-08-01-01-01-12.wav,1
03-01-08-01-01-02-12.wav,1
03-01-08-01-02-01-12.wav,1
03-01-08-01-02-02-12.wav,1
03-01-08-02-01-01-12.wav,1
03-01-08-02-01-02-12.wav,1
03-01-08-02-02-01-12.wav,1
03-01-08-02-02-02-12.wav,1
03-01-01-01-01-01-13.wav,1
03-01-01-01-01-02-13.wav,1
03-01-01-01-02-01-13.wav,1
03-01-01-01-02-02-13.wav,1
03-01-02-01-01-01-13.wav,1
03-01-02-01-01-02-13.wav,1
03-01-02-01-02-01-13.wav,1
03-01-02-01-02-02-13.wav,1
03-01-02-02-01-01-13.wav,1
03-01-02-02-01-02-13.wav,1
03-01-02-02-02-01-13.wav,1
03-01-02-02-02-02-13.wav,1
03-01-03-01-01-01-13.wav,1
03-01-03-01-01-02-13.wav,1
03-01-03-01-02-01-13.wav,1
03-01-03-01-02-02-13.wav,1
03-01-03-02-01-01-13.wav,5
03-01-03-02-01-02-13.wav,5
03-01-03-02-02-01-13.wav,5
03-01-03-02-02-02-13.wav,5
03-01-04-01-01-01-13.wav,1
03-01-04-01-01-02-13.wav,1
03-01-04-01-02-01-13.wav,1
03-01-04-01-02-02-13.wav,1
03-01-04-02-01-01-13.wav,1
03-01-04-02-01-02-13.wav,1
03-01-04-02-02-01-13.wav,1
03-01-04-02-02-02-13.wav,1
03-01-05-01-01-01-13.wav,6
03-01-05-01-01-02-13.wav,6
03-01-05-01-02-01-13.wav,6
03-01-05-01-02-02-13.wav,6
03-01-05-02-01-01-13.wav,6
03-01-05-02-01-02-13.wav,6
03-01-05-02-02-01-13.wav,6
03-01-05-02-02-02-13.wav,6
03-01-06-01-01-01-13.wav,1
03-01-06-01-01-02-13.wav,1
03-01-06-01-02-01-13.wav,1
03-01-06-01-02-02-13.wav,1
03-01-06-02-01-01-13.wav,1
03-01-06-02-01-02-13.wav,1
03-01-06-02-02-01-13.wav,1
03-01-06-02-02-02-13.wav,1
03-01-07-01-01-01-13.wav,1
03-01-07-01-01-02-13.wav,1
03-01-07-01-02-01-13.wav,1
03-01-07-01-02-02-13.wav,1
03-01-07-02-01-01-13.wav,1
03-01-07-02-01-02-13.wav,1
03-01-07-02-02-01-13.wav,1
03-01-07-02-02-02-13.wav,1
03-01-08-01-01-01-13.wav,1
03-01-08-01-01-02-13.wav,1
03-01-08-01-02-01-13.wav,1
03-01-08-01-02-02-13.wav,1
03-01-08-02-01-01-13.wav,5
03-01-08-02-01-02-13.wav,5
03-01-08-02-02-01-13.wav,5
03-01-08-02-02-02-13.wav,5
03-01-01-01-01-01-14.wav,1
03-01-01-01-01-02-14.wav,1
03-01-01-01-02-01-14.wav,1
03-01-01-01-02-02-14.wav,1
03-01-02-01-01-01-14.wav,1
03-01-02-01-01-02-14.wav,1
03-01-02-01-02-01-14.wav,1
03-01-02-01-02-02-14.wav,1
03-01-02-02-01-01-14.wav,1
03-01-02-02-01-02-14.wav,1
03-01-02-02-02-01-14.wav,1
03-01-02-02-02-02-14.wav,1
03-01-03-01-01-01-14.wav,5
03-01-03-01-01-02-14.wav,5
03-01-03-01-02-01-14.wav,5
03-01-03-01-02-02-14.wav,5
03-01-03-02-01-01-14.wav,5
03-01-03-02-01-02-14.wav,5
03-01-03-02-02-01-14.wav,5
03-01-03-02-02-02-14.wav,5
03-01-04-01-01-01-14.wav,1
03-01-04-01-01-02-14.wav,1
03-01-04-01-02-01-14.wav,1
03-01-04-01-02-02-14.wav,1
03-01-04-02-01-01-14.wav,3
03-01-04-02-01-02-14.wav,3
03-01-04-02-02-01-14.wav,3
03-01-04-02-02-02-14.wav,3
03-01-05-01-01-01-14.wav,6
03-01-05-01-01-02-14.wav,6
03-01-05-01-02-01-14.wav,6
03-01-05-01-02-02-14.wav,6
03-01-05-02-01-01-14.wav,6
03-01-05-02-01-02-14.wav,6
03-01-05-02-02-01-14.wav,6
03-01-05-02-02-02-14.wav,6
03-01-06-01-01-01-14.wav,4
03-01-06-01-01-02-14.wav,4
03-01-06-01-02-01-14.wav,4
03-01-06-01-02-02-14.wav,4
03-01-06-02-01-01-14.wav,4
03-01-06-02-01-02-14.wav,4
03-01-06-02-02-01-14.wav,4
03-01-06-02-02-02-14.wav,4
03-01-07-01-01-01-14.wav,1
03-01-07-01-01-02-14.wav,1
03-01-07-01-02-01-14.wav,1
03-01-07-01-02-02-14.wav,1
03-01-07-02-01-01-14.wav,1
03-01-07-02-01-02-14.wav,1
03-01-07-02-02-01-14.wav,1
03-01-07-02-02-02-14.wav,1
03-01-08-01-01-01-14.wav,5
03-01-08-01-01-02-14.wav,5
03-01-08-01-02-01-14.wav,5
03-01-08-01-02-02-14.wav,5
03-01-08-02-01-01-14.wav,5
03-01-08-02-01-02-14.wav,5
03-01-08-02-02-01-14.wav,5
03-01-08-02-02-02-14.wav,5
03-01-01-01-01-01-15.wav,1
03-01-01-01-01-02-15.wav,1
03-01-01-01-02-01-15.wav,1
03-01-01-01-02-02-15.wav,1
03-01-02-01-01-01-15.wav,1
03-01-02-01-01-02-15.wav,1
03-01-02-01-02-01-15.wav,1
03-01-02-01-02-02-15.wav,1
03-01-02-02-01-01-15.wav,1
03-01-02-02-01-02-15.wav,1
03-01-02-02-02-01-15.wav,1
03-01-02-02-02-02-15.wav,1
03-01-03-01-01-01-15.wav,5
03-01-03-01-01-02-15.wav,5
03-01-03-01-02-01-15.wav,5
03-01-03-01-02-02-15.wav,5
03-01-03-02-01-01-15.wav,5
03-01-03-02-01-02-15.wav,5
03-01-03-02-02-01-15.wav,5
03-01-03-02-02-02-15.wav,5
03-01-04-01-01-01-15.wav,3
03-01-04-01-01-02-15.wav,3
03-01-04-01-02-01-15.wav,3
03-01-04-01-02-02-15.wav,3
03-01-04-02-01-01-15.wav,3
03-01-04-02-01-02-15.wav,3
03-01-04-02-02-01-15.wav,3
03-01-04-02-02-02-15.wav,3
03-01-05-01-01-01-15.wav,6
03-01-05-01-01-02-15.wav,6
03-01-05-01-02-01-15.wav,6
03-01-05-01-02-02-15.wav,6
03-01-05-02-01-01-15.wav,6
03-01-05-02-01-02-15.wav,6
03-01-05-02-02-01-15.wav,6
03-01-05-02-02-02-15.wav,6
03-01-06-01-01-01-15.wav,4
03-01-06-01-01-02-15.wav,4
03-01-06-01-02-01-15.wav,4
03-01-06-01-02-02-15.wav,4
03-01-06-02-01-01-15.wav,4
03-01-06-02-01-02-15.wav,4
03-01-06-02-02-01-15.wav,4
03-01-06-02-02-02-15.wav,4
03-01-07-01-01-01-15.wav,3
03-01-07-01-01-02-15.wav,3
03-01-07-01-02-01-15.wav,3
03-01-07-01-02-02-15.wav,3
03-01-07-02-01-01-15.wav,3
03-01-07-02-01-02-15.wav,3
03-01-07-02-02-01-15.wav,3
03-01-07-02-02-02-15.wav,3
03-01-08-01-01-01-15.wav,1
03-01-08-01-01-02-15.wav,1
03-01-08-01-02-01-15.wav,1
03-01-08-01-02-02-15.wav,1
03-01-08-02-01-01-15.wav,1
03-01-08-02-01-02-15.wav,1
03-01-08-02-02-01-15.wav,1
03-01-08-02-02-02-15.wav,1
03-01-01-01-01-01-16.wav,1
03-01-01-01-01-02-16.wav,1
03-01-01-01-02-01-16.wav,1
03-01-01-01-02-02-16.wav,1
03-01-02-01-01-01-16.wav,1
03-01-02-01-01-02-16.wav,1
03-01-02-01-02-01-16.wav,1
03-01-02-01-02-02-16.wav,1
03-01-02-02-01-01-16.wav,1
03-01-02-02-01-02-16.wav,1
03-01-02-02-02-01-16.wav,1
03-01-02-02-02-02-16.wav,1
03-01-03-01-01-01-16.wav,4
03-01-03-01-01-02-16.wav,4
03-01-03-01-02-01-16.wav,4
03-01-03-01-02-02-16.wav,4
03-01-03-02-01-01-16.wav,4
03-01-03-02-01-02-16.wav,4
03-01-03-02-02-01-16.wav,4
03-01-03-02-02-02-16.wav,4
03-01-04-01-01-01-16.wav,3
03-01-04-01-01-02-16.wav,3
03-01-04-01-02-01-16.wav,3
03-01-04-01-02-02-16.wav,3
03-01-04-02-01-01-16.wav,3
03-01-04-02-01-02-16.wav,3
03-01-04-02-02-01-16.wav,3
03-01-04-02-02-02-16.wav,3
03-01-05-01-01-01-16.wav,6
03-01-05-01-01-02-16.wav,6
03-01-05-01-02-01-16.wav,6
03-01-05-01-02-02-16.wav,6
03-01-05-02-01-01-16.wav,6
03-01-05-02-01-02-16.wav,6
03-01-05-02-02-01-16.wav,6
03-01-05-02-02-02-16.wav,6
03-01-06-01-01-01-16.wav,4
03-01-06-01-01-02-16.wav,4
03-01-06-01-02-01-16.wav,4
03-01-06-01-02-02-16.wav,4
03-01-06-02-01-01-16.wav,4
03-01-06-02-01-02-16.wav,4
03-01-06-02-02-01-16.wav,4
03-01-06-02-02-02-16.wav,4
03-01-07-01-01-01-16.wav,1
03-01-07-01-01-02-16.wav,1
03-01-07-01-02-01-16.wav,1
03-01-07-01-02-02-16.wav,1
03-01-07-02-01-01-16.wav,1
03-01-07-02-01-02-16.wav,1
03-01-07-02-02-01-16.wav,1
03-01-07-02-02-02-16.wav,1
03-01-08-01-01-01-16.wav,5
03-01-08-01-01-02-16.wav,5
03-01-08-01-02-01-16.wav,5
03-01-08-01-02-02-16.wav,5
03-01-08-02-01-01-16.wav,5
03-01-08-02-01-02-16.wav,5
03-01-08-02-02-01-16.wav,5
03-01-08-02-02-02-16.wav,5
03-01-01-01-01-01-17.wav,1
03-01-01-01-01-02-17.wav,1
03-01-01-01-02-01-17.wav,1
03-01-01-01-02-02-17.wav,1
03-01-02-01-01-01-17.wav,1
03-01-02-01-01-02-17.wav,1
03-01-02-01-02-01-17.wav,1
03-01-02-01-02-02-17.wav,1
03-01-02-02-01-01-17.wav,1
03-01-02-02-01-02-17.wav,1
03-01-02-02-02-01-17.wav,1
03-01-02-02-02-02-17.wav,1
03-01-03-01-01-01-17.wav,5
03-01-03-01-01-02-17.wav,5
03-01-03-01-02-01-17.wav,5
03-01-03-01-02-02-17.wav,5
03-01-03-02-01-01-17.wav,5
03-01-03-02-01-02-17.wav,5
03-01-03-02-02-01-17.wav,5
03-01-03-02-02-02-17.wav,5
03-01-04-01-01-01-17.wav,4
03-01-04-01-01-02-17.wav,4
03-01-04-01-02-01-17.wav,4
03-01-04-01-02-02-17.wav,4
03-01-04-02-01-01-17.wav,4
03-01-04-02-01-02-17.wav,4
03-01-04-02-02-01-17.wav,4
03-01-04-02-02-02-17.wav,4
03-01-05-01-01-01-17.wav,1
03-01-05-01-01-02-17.wav,1
03-01-05-01-02-01-17.wav,1
03-01-05-01-02-02-17.wav,1
03-01-05-02-01-01-17.wav,6
03-01-05-02-01-02-17.wav,6
03-01-05-02-02-01-17.wav,6
03-01-05-02-02-02-17.wav,6
03-01-06-01-01-01-17.wav,4
03-01-06-01-01-02-17.wav,4
03-01-06-01-02-01-17.wav,4
03-01-06-01-02-02-17.wav,4
03-01-06-02-01-01-17.wav,4
03-01-06-02-01-02-17.wav,4
03-01-06-02-02-01-17.wav,4
03-01-06-02-02-02-17.wav,4
03-01-07-01-01-01-17.wav,5
03-01-07-01-01-02-17.wav,5
03-01-07-01-02-01-17.wav,5
03-01-07-01-02-02-17.wav,5
03-01-07-02-01-01-17.wav,5
03-01-07-02-01-02-17.wav,5
03-01-07-02-02-01-17.wav,5
03-01-07-02-02-02-17.wav,5
03-01-08-01-01-01-17.wav,4
03-01-08-01-01-02-17.wav,4
03-01-08-01-02-01-17.wav,4
03-01-08-01-02-02-17.wav,4
03-01-08-02-01-01-17.wav,4
03-01-08-02-01-02-17.wav,4
03-01-08-02-02-01-17.wav,4
03-01-08-02-02-02-17.wav,4
03-01-01-01-01-01-18.wav,1
03-01-01-01-01-02-18.wav,1
03-01-01-01-02-01-18.wav,1
03-01-01-01-02-02-18.wav,1
03-01-02-01-01-01-18.wav,1
03-01-02-01-01-02-18.wav,1
03-01-02-01-02-01-18.wav,1
03-01-02-01-02-02-18.wav,1
03-01-02-02-01-01-18.wav,1
03-01-02-02-01-02-18.wav,1
03-01-02-02-02-01-18.wav,1
03-01-02-02-02-02-18.wav,1
03-01-03-01-01-01-18.wav,4
03-01-03-01-01-02-18.wav,4
03-01-03-01-02-01-18.wav,4
03-01-03-01-02-02-18.wav,4
03-01-03-02-01-01-18.wav,4
03-01-03-02-01-02-18.wav,4
03-01-03-02-02-01-18.wav,4
03-01-03-02-02-02-18.wav,4
03-01-04-01-01-01-18.wav,1
03-01-04-01-01-02-18.wav,1
03-01-04-01-02-01-18.wav,1
03-01-04-01-02-02-18.wav,1
03-01-04-02-01-01-18.wav,3
03-01-04-02-01-02-18.wav,3
03-01-04-02-02-01-18.wav,3
03-01-04-02-02-02-18.wav,3
03-01-05-01-01-01-18.wav,6
03-01-05-01-01-02-18.wav,6
03-01-05-01-02-01-18.wav,6
03-01-05-01-02-02-18.wav,6
03-01-05-02-01-01-18.wav,6
03-01-05-02-01-02-18.wav,6
03-01-05-02-02-01-18.wav,6
03-01-05-02-02-02-18.wav,6
03-01-06-01-01-01-18.wav,4
03-01-06-01-01-02-18.wav,4
03-01-06-01-02-01-18.wav,4
03-01-06-01-02-02-18.wav,4
03-01-06-02-01-01-18.wav,4
03-01-06-02-01-02-18.wav,4
03-01-06-02-02-01-18.wav,4
03-01-06-02-02-02-18.wav,4
03-01-07-01-01-01-18.wav,6
03-01-07-01-01-02-18.wav,6
03-01-07-01-02-01-18.wav,6
03-01-07-01-02-02-18.wav,6
03-01-07-02-01-01-18.wav,6
03-01-07-02-01-02-18.wav,6
03-01-07-02-02-01-18.wav,6
03-01-07-02-02-02-18.wav,6
03-01-08-01-01-01-18.wav,5
03-01-08-01-01-02-18.wav,5
03-01-08-01-02-01-18.wav,5
03-01-08-01-02-02-18.wav,5
03-01-08-02-01-01-18.wav,5
03-01-08-02-01-02-18.wav,5
03-01-08-02-02-01-18.wav,5
03-01-08-02-02-02-18.wav,5
03-01-01-01-01-01-19.wav,1
03-01-01-01-01-02-19.wav,1
03-01-01-01-02-01-19.wav,1
03-01-01-01-02-02-19.wav,1
03-01-02-01-01-01-19.wav,2
03-01-02-01-01-02-19.wav,2
03-01-02-01-02-01-19.wav,2
03-01-02-01-02-02-19.wav,2
03-01-02-02-01-01-19.wav,2
03-01-02-02-01-02-19.wav,2
03-01-02-02-02-01-19.wav,2
03-01-02-02-02-02-19.wav,2
03-01-03-01-01-01-19.wav,5
03-01-03-01-01-02-19.wav,5
03-01-03-01-02-01-19.wav,5
03-01-03-01-02-02-19.wav,5
03-01-03-02-01-01-19.wav,5
03-01-03-02-01-02-19.wav,5
03-01-03-02-02-01-19.wav,5
03-01-03-02-02-02-19.wav,5
03-01-04-01-01-01-19.wav,1
03-01-04-01-01-02-19.wav,1
03-01-04-01-02-01-19.wav,1
03-01-04-01-02-02-19.wav,1
03-01-04-02-01-01-19.wav,3
03-01-04-02-01-02-19.wav,3
03-01-04-02-02-01-19.wav,3
03-01-04-02-02-02-19.wav,3
03-01-05-01-01-01-19.wav,6
03-01-05-01-01-02-19.wav,6
03-01-05-01-02-01-19.wav,6
03-01-05-01-02-02-19.wav,6
03-01-05-02-01-01-19.wav,6
03-01-05-02-01-02-19.wav,6
03-01-05-02-02-01-19.wav,6
03-01-05-02-02-02-19.wav,6
03-01-06-01-01-01-19.wav,5
03-01-06-01-01-02-19.wav,5
03-01-06-01-02-01-19.wav,5
03-01-06-01-02-02-19.wav,5
03-01-06-02-01-01-19.wav,5
03-01-06-02-01-02-19.wav,5
03-01-06-02-02-01-19.wav,5
03-01-06-02-02-02-19.wav,5
03-01-07-01-01-01-19.wav,6
03-01-07-01-01-02-19.wav,6
03-01-07-01-02-01-19.wav,6
03-01-07-01-02-02-19.wav,6
03-01-07-02-01-01-19.wav,6
03-01-07-02-01-02-19.wav,6
03-01-07-02-02-01-19.wav,6
03-01-07-02-02-02-19.wav,6
03-01-08-01-01-01-19.wav,5
03-01-08-01-01-02-19.wav,5
03-01-08-01-02-01-19.wav,5
03-01-08-01-02-02-19.wav,5
03-01-08-02-01-01-19.wav,5
03-01-08-02-01-02-19.wav,5
03-01-08-02-02-01-19.wav,5
03-01-08-02-02-02-19.wav,5
03-01-01-01-01-01-20.wav,1
03-01-01-01-01-02-20.wav,1
03-01-01-01-02-01-20.wav,1
03-01-01-01-02-02-20.wav,1
03-01-02-01-01-01-20.wav,1
03-01-02-01-01-02-20.wav,1
03-01-02-01-02-01-20.wav,1
03-01-02-01-02-02-20.wav,1
03-01-02-02-01-01-20.wav,1
03-01-02-02-01-02-20.wav,1
03-01-02-02-02-01-20.wav,1
03-01-02-02-02-02-20.wav,1
03-01-03-01-01-01-20.wav,6
03-01-03-01-01-02-20.wav,6
03-01-03-01-02-01-20.wav,6
03-01-03-01-02-02-20.wav,6
03-01-03-02-01-01-20.wav,6
03-01-03-02-01-02-20.wav,6
03-01-03-02-02-01-20.wav,6
03-01-03-02-02-02-20.wav,6
03-01-04-01-01-01-20.wav,3
03-01-04-01-01-02-20.wav,3
03-01-04-01-02-01-20.wav,3
03-01-04-01-02-02-20.wav,3
03-01-04-02-01-01-20.wav,3
03-01-04-02-01-02-20.wav,3
03-01-04-02-02-01-20.wav,3
03-01-04-02-02-02-20.wav,3
03-01-05-01-01-01-20.wav,6
03-01-05-01-01-02-20.wav,6
03-01-05-01-02-01-20.wav,6
03-01-05-01-02-02-20.wav,6
03-01-05-02-01-01-20.wav,6
03-01-05-02-01-02-20.wav,6
03-01-05-02-02-01-20.wav,6
03-01-05-02-02-02-20.wav,6
03-01-06-01-01-01-20.wav,4
03-01-06-01-01-02-20.wav,4
03-01-06-01-02-01-20.wav,4
03-01-06-01-02-02-20.wav,4
03-01-06-02-01-01-20.wav,4
03-01-06-02-01-02-20.wav,4
03-01-06-02-02-01-20.wav,4
03-01-06-02-02-02-20.wav,4
03-01-07-01-01-01-20.wav,6
03-01-07-01-01-02-20.wav,6
03-01-07-01-02-01-20.wav,6
03-01-07-01-02-02-20.wav,6
03-01-07-02-01-01-20.wav,6
03-01-07-02-01-02-20.wav,6
03-01-07-02-02-01-20.wav,6
03-01-07-02-02-02-20.wav,6
03-01-08-01-01-01-20.wav,4
03-01-08-01-01-02-20.wav,4
03-01-08-01-02-01-20.wav,4
03-01-08-01-02-02-20.wav,4
03-01-08-02-01-01-20.wav,4
03-01-08-02-01-02-20.wav,4
03-01-08-02-02-01-20.wav,4
03-01-08-02-02-02-20.wav,4
03-01-01-01-01-01-21.wav,1
03-01-01-01-01-02-21.wav,1
03-01-01-01-02-01-21.wav,1
03-01-01-01-02-02-21.wav,1
03-01-02-01-01-01-21.wav,1
03-01-02-01-01-02-21.wav,1
03-01-02-01-02-01-21.wav,1
03-01-02-01-02-02-21.wav,1
03-01-02-02-01-01-21.wav,1
03-01-02-02-01-02-21.wav,1
03-01-02-02-02-01-21.wav,1
03-01-02-02-02-02-21.wav,1
03-01-03-01-01-01-21.wav,6
03-01-03-01-01-02-21.wav,6
03-01-03-01-02-01-21.wav,6
03-01-03-01-02-02-21.wav,6
03-01-03-02-01-01-21.wav,6
03-01-03-02-01-02-21.wav,6
03-01-03-02-02-01-21.wav,6
03-01-03-02-02-02-21.wav,6
03-01-04-01-01-01-21.wav,3
03-01-04-01-01-02-21.wav,3
03-01-04-01-02-01-21.wav,3
03-01-04-01-02-02-21.wav,3
03-01-04-02-01-01-21.wav,3
03-01-04-02-01-02-21.wav,3
03-01-04-02-02-01-21.wav,3
03-01-04-02-02-02-21.wav,3
03-01-05-01-01-01-21.wav,6
03-01-05-01-01-02-21.wav,6
03-01-05-01-02-01-21.wav,6
03-01-05-01-02-02-21.wav,6
03-01-05-02-01-01-21.wav,6
03-01-05-02-01-02-21.wav,6
03-01-05-02-02-01-21.wav,6
03-01-05-02-02-02-21.wav,6
03-01-06-01-01-01-21.wav,4
03-01-06-01-01-02-21.wav,4
03-01-06-01-02-01-21.wav,4
03-01-06-01-02-02-21.wav,4
03-01-06-02-01-01-21.wav,4
03-01-06-02-01-02-21.wav,4
03-01-06-02-02-01-21.wav,4
03-01-06-02-02-02-21.wav,4
03-01-07-01-01-01-21.wav,2
03-01-07-01-01-02-21.wav,2
03-01-07-01-02-01-21.wav,2
03-01-07-01-02-02-21.wav,2
03-01-07-02-01-01-21.wav,2
03-01-07-02-01-02-21.wav,2
03-01-07-02-02-01-21.wav,2
03-01-07-02-02-02-21.wav,2
03-01-08-01-01-01-21.wav,5
03-01-08-01-01-02-21.wav,5
03-01-08-01-02-01-21.wav,5
03-01-08-01-02-02-21.wav,5
03-01-08-02-01-01-21.wav,5
03-01-08-02-01-02-21.wav,5
03-01-08-02-02-01-21.wav,5
03-01-08-02-02-02-21.wav,5
03-01-01-01-01-01-22.wav,1
03-01-01-01-01-02-22.wav,1
03-01-01-01-02-01-22.wav,1
03-01-01-01-02-02-22.wav,1
03-01-02-01-01-01-22.wav,1
03-01-02-01-01-02-22.wav,1
03-01-02-01-02-01-22.wav,1
03-01-02-01-02-02-22.wav,1
03-01-02-02-01-01-22.wav,1
03-01-02-02-01-02-22.wav,1
03-01-02-02-02-01-22.wav,1
03-01-02-02-02-02-22.wav,1
03-01-03-01-01-01-22.wav,5
03-01-03-01-01-02-22.wav,5
03-01-03-01-02-01-22.wav,5
03-01-03-01-02-02-22.wav,5
03-01-03-02-01-01-22.wav,5
03-01-03-02-01-02-22.wav,5
03-01-03-02-02-01-22.wav,5
03-01-03-02-02-02-22.wav,5
03-01-04-01-01-01-22.wav,3
03-01-04-01-01-02-22.wav,3
03-01-04-01-02-01-22.wav,3
03-01-04-01-02-02-22.wav,3
03-01-04-02-01-01-22.wav,3
03-01-04-02-01-02-22.wav,3
03-01-04-02-02-01-22.wav,3
03-01-04-02-02-02-22.wav,3
03-01-05-01-01-01-22.wav,6
03-01-05-01-01-02-22.wav,6
03-01-05-01-02-01-22.wav,6
03-01-05-01-02-02-22.wav,6
03-01-05-02-01-01-22.wav,6
03-01-05-02-01-02-22.wav,6
03-01-05-02-02-01-22.wav,6
03-01-05-02-02-02-22.wav,6
03-01-06-01-01-01-22.wav,4
03-01-06-01-01-02-22.wav,4
03-01-06-01-02-01-22.wav,4
03-01-06-01-02-02-22.wav,4
03-01-06-02-01-01-22.wav,4
03-01-06-02-01-02-22.wav,4
03-01-06-02-02-01-22.wav,4
03-01-06-02-02-02-22.wav,4
03-01-07-01-01-01-22.wav,6
03-01-07-01-01-02-22.wav,6
03-01-07-01-02-01-22.wav,6
03-01-07-01-02-02-22.wav,6
03-01-07-02-01-01-22.wav,6
03-01-07-02-01-02-22.wav,6
03-01-07-02-02-01-22.wav,6
03-01-07-02-02-02-22.wav,6
03-01-08-01-01-01-22.wav,5
03-01-08-01-01-02-22.wav,5
03-01-08-01-02-01-22.wav,5
03-01-08-01-02-02-22.wav,5
03-01-08-02-01-01-22.wav,5
03-01-08-02-01-02-22.wav,5
03-01-08-02-02-01-22.wav,5
03-01-08-02-02-02-22.wav,5
03-01-01-01-01-01-23.wav,1
03-01-01-01-01-02-23.wav,1
03-01-01-01-02-01-23.wav,1
03-01-01-01-02-02-23.wav,1
03-01-02-01-01-01-23.wav,1
03-01-02-01-01-02-23.wav,1
03-01-02-01-02-01-23.wav,1
03-01-02-01-02-02-23.wav,1
03-01-02-02-01-01-23.wav,1
03-01-02-02-01-02-23.wav,1
03-01-02-02-02-01-23.wav,1
03-01-02-02-02-02-23.wav,1
03-01-03-01-01-01-23.wav,5
03-01-03-01-01-02-23.wav,5
03-01-03-01-02-01-23.wav,5
03-01-03-01-02-02-23.wav,5
03-01-03-02-01-01-23.wav,5
03-01-03-02-01-02-23.wav,5
03-01-03-02-02-01-23.wav,5
03-01-03-02-02-02-23.wav,5
03-01-04-01-01-01-23.wav,4
03-01-04-01-01-02-23.wav,4
03-01-04-01-02-01-23.wav,4
03-01-04-01-02-02-23.wav,4
03-01-04-02-01-01-23.wav,4
03-01-04-02-01-02-23.wav,4
03-01-04-02-02-01-23.wav,4
03-01-04-02-02-02-23.wav,4
03-01-05-01-01-01-23.wav,6
03-01-05-01-01-02-23.wav,6
03-01-05-01-02-01-23.wav,6
03-01-05-01-02-02-23.wav,6
03-01-05-02-01-01-23.wav,6
03-01-05-02-01-02-23.wav,6
03-01-05-02-02-01-23.wav,6
03-01-05-02-02-02-23.wav,6
03-01-06-01-01-01-23.wav,4
03-01-06-01-01-02-23.wav,4
03-01-06-01-02-01-23.wav,4
03-01-06-01-02-02-23.wav,4
03-01-06-02-01-01-23.wav,4
03-01-06-02-01-02-23.wav,4
03-01-06-02-02-01-23.wav,4
03-01-06-02-02-02-23.wav,4
03-01-07-01-01-01-23.wav,5
03-01-07-01-01-02-23.wav,5
03-01-07-01-02-01-23.wav,5
03-01-07-01-02-02-23.wav,5
03-01-07-02-01-01-23.wav,5
03-01-07-02-01-02-23.wav,5
03-01-07-02-02-01-23.wav,5
03-01-07-02-02-02-23.wav,5
03-01-08-01-01-01-23.wav,2
03-01-08-01-01-02-23.wav,2
03-01-08-01-02-01-23.wav,2
03-01-08-01-02-02-23.wav,2
03-01-08-02-01-01-23.wav,2
03-01-08-02-01-02-23.wav,2
03-01-08-02-02-01-23.wav,2
03-01-08-02-02-02-23.wav,2
03-01-01-01-01-01-24.wav,1
03-01-01-01-01-02-24.wav,1
03-01-01-01-02-01-24.wav,1
03-01-01-01-02-02-24.wav,1
03-01-02-01-01-01-24.wav,1
03-01-02-01-01-02-24.wav,1
03-01-02-01-02-01-24.wav,1
03-01-02-01-02-02-24.wav,1
03-01-02-02-01-01-24.wav,1
03-01-02-02-01-02-24.wav,1
03-01-02-02-02-01-24.wav,1
03-01-02-02-02-02-24.wav,1
03-01-03-01-01-01-24.wav,5
03-01-03-01-01-02-24.wav,5
03-01-03-01-02-01-24.wav,5
03-01-03-01-02-02-24.wav,5
03-01-03-02-01-01-24.wav,5
03-01-03-02-01-02-24.wav,5
03-01-03-02-02-01-24.wav,5
03-01-03-02-02-02-24.wav,5
03-01-04-01-01-01-24.wav,3
03-01-04-01-01-02-24.wav,3
03-01-04-01-02-01-24.wav,3
03-01-04-01-02-02-24.wav,3
03-01-04-02-01-01-24.wav,3
03-01-04-02-01-02-24.wav,3
03-01-04-02-02-01-24.wav,3
03-01-04-02-02-02-24.wav,3
03-01-05-01-01-01-24.wav,6
03-01-05-01-01-02-24.wav,6
03-01-05-01-02-01-24.wav,6
03-01-05-01-02-02-24.wav,6
03-01-05-02-01-01-24.wav,6
03-01-05-02-01-02-24.wav,6
03-01-05-02-02-01-24.wav,6
03-01-05-02-02-02-24.wav,6
03-01-06-01-01-01-24.wav,4
03-01-06-01-01-02-24.wav,4
03-01-06-01-02-01-24.wav,4
03-01-06-01-02-02-24.wav,4
03-01-06-02-01-01-24.wav,4
03-01-06-02-01-02-24.wav,4
03-01-06-02-02-01-24.wav,4
03-01-06-02-02-02-24.wav,4
03-01-07-01-01-01-24.wav,3
03-01-07-01-01-02-24.wav,3
03-01-07-01-02-01-24.wav,3
03-01-07-01-02-02-24.wav,3
03-01-07-02-01-01-24.wav,3
03-01-07-02-01-02-24.wav,3
03-01-07-02-02-01-24.wav,3
03-01-07-02-02-02-24.wav,3
03-01-08-01-01-01-24.wav,5
03-01-08-01-01-02-24.wav,5
03-01-08-01-02-01-24.wav,5
03-01-08-01-02-02-24.wav,5
03-01-08-02-01-01-24.wav,5
03-01-08-02-01-02-24.wav,5
03-01-08-02-02-01-24.wav,5
03-01-08-02-02-02-24.wav,5
03-01-01-01-01-01-24.wav,1
03-01-01-01-01-02-24.wav,1
03-01-01-01-02-01-24.wav,1
03-01-01-01-02-02-24.wav,1
03-01-02-01-01-01-24.wav,1
03-01-02-01-01-02-24.wav,1
03-01-02-01-02-01-24.wav,1
03-01-02-01-02-02-24.wav,1
03-01-02-02-01-01-24.wav,1
03-01-02-02-01-02-24.wav,1
03-01-02-02-02-01-24.wav,1
03-01-02-02-02-02-24.wav,1
03-01-03-01-01-01-24.wav,5
03-01-03-01-01-02-24.wav,5
03-01-03-01-02-01-24.wav,5
03-01-03-01-02-02-24.wav,5
03-01-03-02-01-01-24.wav,5
03-01-03-02-01-02-24.wav,5
03-01-03-02-02-01-24.wav,5
03-01-03-02-02-02-24.wav,5
03-01-04-01-01-01-24.wav,3
03-01-04-01-01-02-24.wav,3
03-01-04-01-02-01-24.wav,3
03-01-04-01-02-02-24.wav,3
03-01-04-02-01-01-24.wav,3
03-01-04-02-01-02-24.wav,3
03-01-04-02-02-01-24.wav,3
03-01-04-02-02-02-24.wav,3
03-01-05-01-01-01-24.wav,6
03-01-05-01-01-02-24.wav,6
03-01-05-01-02-01-24.wav,6
03-01-05-01-02-02-24.wav,6
03-01-05-02-01-01-24.wav,6
03-01-05-02-01-02-24.wav,6
03-01-05-02-02-01-24.wav,6
03-01-05-02-02-02-24.wav,6
03-01-06-01-01-01-24.wav,4
03-01-06-01-01-02-24.wav,4
03-01-06-01-02-01-24.wav,4
03-01-06-01-02-02-24.wav,4
03-01-06-02-01-01-24.wav,4
03-01-06-02-01-02-24.wav,4
03-01-06-02-02-01-24.wav,4
03-01-06-02-02-02-24.wav,4
03-01-07-01-01-01-24.wav,6
03-01-07-01-01-02-24.wav,6
03-01-07-01-02-01-24.wav,6
03-01-07-01-02-02-24.wav,6
03-01-07-02-01-01-24.wav,6
03-01-07-02-01-02-24.wav,6
03-01-07-02-02-01-24.wav,6
03-01-07-02-02-02-24.wav,6
03-01-08-01-01-01-24.wav,5
03-01-08-01-01-02-24.wav,5
03-01-08-01-02-01-24.wav,5
03-01-08-01-02-02-24.wav,5
03-01-08-02-01-01-24.wav,5
03-01-08-02-01-02-24.wav,5
03-01-08-02-02-01-24.wav,5
03-01-08-02-02-02-24.wav,5
